region,date,strat,type,median,mean,sd,lower_90,lower_50,lower_20,upper_20,upper_50,upper_90
Africa,2020-11-10,,estimate,9647,9796.7,1949.1,6786.8,8458,9181.8,10158.4,11025.2,13173.2
Africa,2020-11-11,,estimate,12008.5,12144.8,2372.7,8610.6,10482.5,11415.8,12587,13595.2,16341
Africa,2020-11-12,,estimate,14725,14987.1,2996.4,10630.5,12791.8,14015.8,15536,16852.5,20322.2
Africa,2020-11-13,,estimate,14831.5,15033.9,2939,10645.9,12895.5,14078.8,15616.4,16892.8,20234.8
Africa,2020-11-14,,estimate,14175.5,14388.4,2837.9,10092,12386,13469.2,14927.4,16171.2,19374.1
Africa,2020-11-15,,estimate,14287.5,14475.7,2771,10223.9,12514.8,13607,15050.8,16225.2,19313.5
Africa,2020-11-16,,estimate,13001,13173.4,2529,9292,11383,12399,13608,14719,17653.1
Africa,2020-11-17,,estimate,10986,11086,2140.6,7761,9559.8,10445,11534,12444.2,14692
Africa,2020-11-18,,estimate,12725.5,12900,2468.1,9184.8,11178.2,12087.2,13395.4,14403,17224.7
Africa,2020-11-19,,estimate,15069,15280,2966.5,10861.9,13167.8,14368,15793.2,17067.2,20599.5
Africa,2020-11-20,,estimate,14819.5,15003.3,2868.1,10599.6,12956.8,14116.6,15571,16840.5,19966
Africa,2020-11-21,,estimate,13912,14086.8,2710.5,10054,12177.8,13230,14540.4,15741.2,18980.1
Africa,2020-11-22,,estimate,13834.5,14034.5,2734.8,9964.9,12079.8,13122.6,14541.8,15761.2,18909.3
Africa,2020-11-23,,estimate,12583,12776.9,2450.6,9110.9,11056.2,12016,13196.4,14289.8,17093
Africa,2020-11-24,,estimate,10635,10756.4,2081.7,7626.7,9316,10138.6,11132.8,11997.2,14460.2
Africa,2020-11-25,,estimate,12415,12588.9,2422.9,8937.8,10831,11825.6,13088.4,14111.2,16835
Africa,2020-11-26,,estimate,14846,15025.7,2856.2,10681.8,13028.5,14090.2,15522.8,16804.5,20081.2
Africa,2020-11-27,,estimate,14717.5,14826.5,2777.5,10605.9,12863.8,13985.2,15405,16560.5,19664.1
Africa,2020-11-28,,estimate,13933,14119.2,2743.3,9949,12207,13301.2,14611.4,15763,18967.2
Africa,2020-11-29,,estimate,13977.5,14179.4,2718.8,10027.3,12274.2,13364.6,14678.4,15933.5,18952.2
Africa,2020-11-30,,estimate,12839,13011.3,2466.5,9342.8,11270.2,12234,13503,14565.5,17361.1
Africa,2020-12-01,,estimate,10828.5,11023.6,2160.2,7842.6,9507,10311.6,11361.4,12324.8,14889
Africa,2020-12-02,,estimate,12952,13097.8,2457.7,9302.9,11362,12339.4,13568.8,14621,17491.1
Africa,2020-12-03,,estimate,15552,15773.5,3079.8,11177.9,13552.5,14761.4,16331.8,17745,21291.3
Africa,2020-12-04,,estimate,15350.5,15576.3,2960.6,11119.9,13460.8,14637.2,16093.4,17410.2,20688.3
Africa,2020-12-05,,estimate,14693,14905,2821.4,10544.8,12928.8,14021.6,15441.4,16680.2,19805.1
Africa,2020-12-06,,estimate,15079.5,15240.3,2892.8,10834.9,13196.8,14335.2,15810.4,17074,20308.3
Africa,2020-12-07,,estimate,13898.5,14046.1,2696.5,9932.8,12112,13232.6,14576.6,15793.2,18690
Africa,2020-12-08,,estimate,11859,12031.1,2288.9,8529,10429.5,11298.2,12447.8,13452.2,16077
Africa,2020-12-09,,estimate,14158,14347.7,2741,10166.8,12416.8,13518.6,14885.4,16125.5,19039.8
Africa,2020-12-10,,estimate,17181.5,17462.9,3389.5,12411,15116.8,16381.6,18073,19589.5,23388.1
Africa,2020-12-11,,estimate,17247.5,17473.7,3417.6,12299,15117,16406.4,18074.8,19577,23542.1
Africa,2020-12-12,,estimate,16453,16749.8,3256.1,11856.8,14447.2,15678.2,17288.8,18737.8,22430.2
Africa,2020-12-13,,estimate,16934,17156.2,3265.3,12322.4,14866.5,16146.8,17700.8,19200.8,22751.5
Africa,2020-12-14,,estimate,15744.5,15939.4,3006.5,11360,13819.8,14970.2,16510.4,17914.5,21175.3
Africa,2020-12-15,,estimate,13477.5,13670,2628.2,9663.8,11846.5,12869.6,14128.8,15285.5,18245.5
Africa,2020-12-16,,estimate,16132,16361.3,3124.6,11665.2,14171.5,15323.8,16889,18282.5,21898.6
Africa,2020-12-17,,estimate,19838.5,20116.7,3876.9,14346.8,17408.5,18874.8,20746.8,22452.8,27035.9
Africa,2020-12-18,,estimate,19747.5,20040.9,3843.2,14207.7,17327.2,18847.2,20716,22428,26826.2
Africa,2020-12-19,,estimate,19040,19312.6,3666.2,13856.9,16721,18118.8,19973.4,21668,25621.1
Africa,2020-12-20,,estimate,19644,19873.2,3807.5,14075.9,17231.2,18710.6,20595.4,22183,26475.4
Africa,2020-12-21,,estimate,18293,18565.2,3554.9,13082,16097.8,17457.2,19109.8,20860,24879.5
Africa,2020-12-22,,estimate,15743,15987.3,3069.5,11294.6,13884.8,15022.2,16530,17913.2,21564.6
Africa,2020-12-23,,estimate,18865.5,19114,3591.6,13608.4,16586.2,18009.6,19760.2,21407.8,25416.9
Africa,2020-12-24,,estimate,23060,23389.9,4477.9,16507.6,20252.5,21950.2,24179.4,26279,31156.2
Africa,2020-12-25,,estimate,23401.5,23713.5,4505.7,16913.9,20434,22273.2,24585.2,26582.5,31662.5
Africa,2020-12-26,,estimate,22493.5,22939.6,4330.5,16414.6,19900.5,21459.8,23674.2,25636,30690.2
Africa,2020-12-27,,estimate,23208,23451.1,4487,16741,20329.2,22122,24224.2,26122.5,31531.9
Africa,2020-12-28,,estimate,21613,21985.3,4223.8,15684.4,19031.2,20613,22735.8,24705.5,29420
Africa,2020-12-29,,estimate,18740.5,19080.1,3720.3,13440.7,16485,17916,19708.4,21431.8,25565.8
Africa,2020-12-30,,estimate,22608.5,22954.3,4460.9,16253.9,19885,21513.4,23720.4,25633,31121.4
Africa,2020-12-31,,estimate,27861.5,28146.5,5363.3,19780.5,24438.2,26527.6,29129.8,31580.8,37417.5
Africa,2021-01-01,,estimate,28055.5,28442.8,5447.6,20114.7,24705,26767,29435.4,31763.8,37987.8
Africa,2021-01-02,,estimate,27081,27483.9,5234.6,19520.6,23819.2,25893.2,28410,30748,36445.7
Africa,2021-01-03,,estimate,27793,28190.4,5354.4,20127.9,24438.8,26524.2,29069.2,31559.2,37402.4
Africa,2021-01-04,,estimate,26020.5,26262.4,4881.6,18711,22868.5,24715.6,27264.8,29327.2,34668.2
Africa,2021-01-05,,estimate,22313.5,22549.1,4289.7,15989.6,19601.8,21268,23413,25238.2,29913
Africa,2021-01-06,,estimate,26547.5,26951.1,5220.2,19035.6,23302.8,25361.6,27871.6,30162.8,36034.5
Africa,2021-01-07,,estimate,32351,32786.7,6185.4,23436.9,28344.2,30839.4,34022.8,36743.8,43477.1
Africa,2021-01-08,,estimate,32155,32553.3,6271.5,23118.1,28163.8,30701.2,33632.8,36378.5,43797.9
Africa,2021-01-09,,estimate,30480,30998.7,6030.3,22085.1,26716.5,29018,32067.2,34644.5,41664.6
Africa,2021-01-10,,estimate,30862,31269.8,5922.2,22329.7,27072.8,29353,32377.8,34903.5,41668.2
Africa,2021-01-11,,estimate,28311.5,28575.4,5499.9,20071.9,24720.8,26801.6,29636,32064.2,37945.6
Africa,2021-01-12,,estimate,23807.5,24099.2,4518.7,17174.6,21046.8,22671.8,24971,26852.5,32064.2
Africa,2021-01-13,,estimate,27519,28062.4,5450.6,19877.7,24242,26361,28920,31475.2,37459.8
Africa,2021-01-14,,estimate,32963,33417.7,6468,23549.2,28936.5,31274.2,34555,37544.2,44452.3
Africa,2021-01-15,,estimate,32064.5,32490.8,6256.1,22990.9,28160.8,30590,33619.4,36235.2,43432.3
Africa,2021-01-16,,estimate,29782,30142.5,5697.6,21383.8,26147.5,28430.8,31309.6,33713.5,39959.6
Africa,2021-01-17,,estimate,29438,29709.7,5666.2,21091,25701.5,27857.6,30889,33243.2,39634
Africa,2021-01-18,,estimate,26187,26501.1,5086,18885.8,22838.2,24926.6,27513.4,29589.5,35426.8
Africa,2021-01-19,,estimate,21362,21712.2,4142.2,15353,18824.8,20407.8,22458.4,24452,28944.4
Africa,2021-01-20,,estimate,24537,24827.3,4811.2,17655.8,21418.5,23295.6,25746.4,27736,33257.8
Africa,2021-01-21,,estimate,28436.5,28831.2,5446.5,20577.9,25037,27059.2,29831.4,32237.5,38342.1
Africa,2021-01-22,,estimate,27154,27534.9,5285.4,19412.8,23893.5,25997,28417,30752.2,36852.9
Africa,2021-01-23,,estimate,24672,25006.6,4826.9,17644.7,21693.8,23571.8,25850.8,27841.8,33518.3
Africa,2021-01-24,,estimate,23950,24289.7,4679.4,17107.9,21078.8,22796.6,25118.4,27250.2,32366.5
Africa,2021-01-25,,estimate,21154,21429.7,4075.4,15377.9,18511,20193.8,22198.8,23948.5,28610.6
Africa,2021-01-26,,estimate,17081,17367.4,3351.1,12359.7,15007.8,16301.4,17954,19493.5,23423.2
Africa,2021-01-27,,estimate,19404,19598.3,3698.9,13971.3,16995.2,18419.6,20342,21909.5,25932.6
Africa,2021-01-28,,estimate,22247,22486.5,4307.7,16003.5,19375,21131.8,23249.4,25116,30032.4
Africa,2021-01-29,,estimate,21169.5,21446.8,4081.6,15291,18618.2,20147.8,22186,23951,28479.4
Africa,2021-01-30,,estimate,19037,19264.9,3718.2,13567.3,16737,18137,19895.4,21581.8,25761
Africa,2021-01-31,,estimate,18472.5,18693.6,3631.2,13237.9,16134,17526.4,19326.4,21037.5,24958.9
Africa,2021-02-01,,estimate,16137.5,16371.7,3100.9,11594.9,14204.2,15414.8,16957,18326,21825.6
Africa,2021-02-02,,estimate,13144,13311.2,2543.4,9416.9,11576.8,12495.6,13751.2,14922,17739.1
Africa,2021-02-03,,estimate,14817.5,15053.3,2855.5,10730.8,13016.2,14147.6,15644,16952.8,19977.5
Africa,2021-02-04,,estimate,17188,17371.8,3403.2,12209.8,14912,16321,18038.4,19514.5,23292
Africa,2021-02-05,,estimate,16335.5,16538,3098,11812.9,14340.8,15594,17143.4,18536.8,21899.6
Africa,2021-02-06,,estimate,14962,15135.8,2830.4,10762,13160,14297.6,15658,16908,20065.3
Africa,2021-02-07,,estimate,14397.5,14600.9,2786.3,10387,12614,13734.2,15101.2,16343.2,19470.1
Africa,2021-02-08,,estimate,12850.5,13053.9,2479.4,9346.5,11309.5,12235,13505.4,14569.8,17473.2
Africa,2021-02-09,,estimate,10448.5,10606.6,2050,7454,9176.8,9972.6,10986.4,11898.2,14233
Africa,2021-02-10,,estimate,11935,12119.8,2306.7,8613.8,10530,11355.2,12540,13563,16010.1
Africa,2021-02-11,,estimate,13938,14109.4,2676.1,10005.8,12312.8,13311.2,14604.4,15755.5,18845
Africa,2021-02-12,,estimate,13394,13615.5,2641.6,9648.9,11711,12754.4,14128,15313.8,18314
Africa,2021-02-13,,estimate,12392.5,12531.4,2372.2,8896,10870,11832.8,12977.4,13999.2,16701.2
Africa,2021-02-14,,estimate,12055.5,12292.3,2393.1,8769.6,10602,11525.2,12699.4,13778,16626.1
Africa,2021-02-15,,estimate,10768.5,10972.7,2133,7762.5,9479.5,10299,11321.8,12322.5,14792.1
Africa,2021-02-16,,estimate,8926,9052,1781.6,6429.9,7790.2,8479.6,9350,10148,12190.3
Africa,2021-02-17,,estimate,10312,10440.2,1981.3,7398,9077.5,9863,10816,11689,13844.6
Africa,2021-02-18,,estimate,12084.5,12269.5,2396.8,8694.3,10654.8,11482,12672.8,13764.2,16568
Africa,2021-02-19,,estimate,11724.5,11880.2,2278.5,8429,10264.8,11166,12259.4,13295.2,15956.7
Africa,2021-02-20,,estimate based on partial data,11010.5,11155.7,2109.3,7910.3,9675.8,10492.4,11525,12501.5,14802.1
Africa,2021-02-21,,estimate based on partial data,10890.5,11031.8,2123,7810.8,9506.8,10353.6,11443,12383.2,14716
Africa,2021-02-22,,estimate based on partial data,9838,9943.7,1900.3,7038.6,8593.2,9335.8,10319.6,11170,13149.7
Africa,2021-02-23,,estimate based on partial data,8153,8303.5,1620.9,5850,7152.8,7787.8,8588.4,9299.2,11127.1
Africa,2021-02-24,,estimate based on partial data,9574.5,9706.5,1894,6781.9,8397.8,9108,10073.8,10869,13066.2
Africa,2021-02-25,,estimate based on partial data,11319,11488.8,2237.9,8158,9910,10837,11873.8,12819,15401
Africa,2021-02-26,,estimate based on partial data,11139.5,11280.9,2251.7,7894.9,9725,10580,11685.4,12638.2,15326
Africa,2021-02-27,,estimate based on partial data,10467.5,10607,2039.7,7589.7,9137,9934.4,10967.4,11874.8,14096.6
Africa,2021-02-28,,estimate based on partial data,10482.5,10670.6,2141.9,7478,9144.5,9974.4,11016.6,11998.2,14466
Africa,2021-03-01,,estimate based on partial data,9548.5,9669.9,1961.2,6742.9,8267,9032.6,10041.4,10871,13089.1
Africa,2021-03-02,,estimate based on partial data,8070,8224,1734.4,5636.9,7000.2,7659,8513.4,9291,11260.6
Africa,2021-03-03,,forecast,9487,9710,2110.5,6649.8,8232.8,9002,10041,10991.2,13469
Africa,2021-03-04,,forecast,11392,11674.4,2716.3,7735,9735,10752.6,12089.4,13265.8,16599.6
Africa,2021-03-05,,forecast,11205,11515,2796.1,7618.8,9512,10528.2,11916.8,13161.2,16617
Africa,2021-03-06,,forecast,10677.5,11011.2,2835.7,6919,9062,10022,11393.4,12610,16218.7
Africa,2021-03-07,,forecast,10720.5,11169,3108.2,6993.9,8958.8,10011.6,11477,12860.5,16918.9
Africa,2021-03-08,,forecast,9916,10352.9,3134.2,6266.8,8124.8,9174.6,10603.2,11936,16228.1
Africa,2021-03-09,,forecast,8380,8861.8,3038.9,5055,6794,7710.8,9050.4,10329.5,14151
Africa,2021-03-10,,forecast,9831,10556.1,3842.1,5844.7,7984,9088,10742,12303,17524.1
Africa,2021-03-11,,forecast,11754,12843.9,5369.1,6765.4,9271.8,10809.4,12919.4,15072.2,22284.9
Africa,2021-03-12,,forecast,11649,12833.5,5709.2,6500.8,9109.5,10668.2,12807.2,15018.8,22638.4
Africa,2021-03-13,,forecast,11091.5,12424.3,6164.5,5998,8540.5,10074.6,12276.6,14423,23449
Africa,2021-03-14,,forecast,11249.5,12676,6856.8,5725.9,8522.8,10135,12610.8,14781.2,24357.4
Africa,2021-03-15,,forecast,10270.5,11864.9,7384.9,5192,7628,9200.6,11486.2,13906.2,23350.9
Africa,2021-03-16,,forecast,8744,10205.2,6713.1,4161.7,6424.5,7746,9803,11937.5,20631.8
Americas,2020-11-10,,estimate,146486.5,147240.2,18000.2,118495.1,134912.5,141899.8,151079.4,158774.8,177811.2
Americas,2020-11-11,,estimate,160158,160643.3,18992.9,130139.8,147852.5,155283.6,165026.2,173005.2,192768.9
Americas,2020-11-12,,estimate,209555.5,210982.5,25351.1,172090.7,193948.8,203154.6,216262.4,226762.5,254862.1
Americas,2020-11-13,,estimate,240226.5,242201.5,28584.3,198171,222645.5,233624.2,247301.6,259979.5,292868.8
Americas,2020-11-14,,estimate,247907,249043,29444.9,204163.6,228630.2,240593,255356.8,267729.8,298393.6
Americas,2020-11-15,,estimate,253654.5,255428.1,30704.8,208502.6,234671.2,246330.4,261031.8,273962,309102.3
Americas,2020-11-16,,estimate,233872.5,234347.7,26709.6,191086.1,216413.2,227085.2,240318,251114.5,279352.2
Americas,2020-11-17,,estimate,179870,180616.8,20844.4,147527.1,166540,175166.4,185309,194286.8,215891.1
Americas,2020-11-18,,estimate,185778.5,186552.7,21663.7,152375.1,171807,180333,191360.6,200408.2,222669.4
Americas,2020-11-19,,estimate,231245.5,232829.8,27241.7,189964.9,214696,225282.2,238598,250844.8,278066.1
Americas,2020-11-20,,estimate,257581.5,259631.3,30616.8,213753.7,238105.2,250267.8,265456,279944.8,311894
Americas,2020-11-21,,estimate,260772,261727.8,30779.9,213910.2,240020.2,252948.8,268461.4,281840.5,312277.2
Americas,2020-11-22,,estimate,264042.5,265190.8,30773,215532,244467.2,256717,272304.8,284926.5,317810.2
Americas,2020-11-23,,estimate,239804.5,241426.5,27988.1,198206,222281,232729.8,246762,259143,289760.9
Americas,2020-11-24,,estimate,185320,186201.7,21704.2,152107,171254,179975,190793.6,200100.2,222652.7
Americas,2020-11-25,,estimate,192095,192724.5,22549.2,157410.4,177274.2,186237.2,197931.6,206985,231983.4
Americas,2020-11-26,,estimate,240015.5,240616.6,27941.3,195663.5,221118.5,232348.4,246854.8,258271.2,288637
Americas,2020-11-27,,estimate,268717,270759.5,31336.9,222704.7,249166.5,261249.8,277377.2,290658,324917.4
Americas,2020-11-28,,estimate,271712.5,273422.3,31879,222258.4,251239.5,264205.8,279899,293790.5,328660.2
Americas,2020-11-29,,estimate,278098.5,279237.6,32469.7,228120.2,257001,270261,285703.6,299950,334842.3
Americas,2020-11-30,,estimate,255400.5,257042.8,29645.5,210525,236575.2,247940.2,263733.4,276412.8,306883.7
Americas,2020-12-01,,estimate,198055.5,199270.6,23160.2,162450.6,183476,192689.8,203866.6,214430.5,238886.2
Americas,2020-12-02,,estimate,208053,209007.9,24833.4,169815.2,192259,202089.2,214241,224987.2,251387.3
Americas,2020-12-03,,estimate,262029,263699.8,31568.6,215602.7,241451.8,254180,269834,282998.8,319358.9
Americas,2020-12-04,,estimate,297542.5,299119.7,34238.7,246895,275201.5,289518.6,306357.6,322202.5,357109.6
Americas,2020-12-05,,estimate,303608,304780.5,35048.7,249175.5,280829.8,295147.4,312160.8,326910.2,366113.4
Americas,2020-12-06,,estimate,311712,313414.5,36484.5,256611.3,287585,302069.4,321166.6,337240.8,377430.6
Americas,2020-12-07,,estimate,288909,290272.1,33829.5,237568.5,267367.8,280331.8,297013.6,312701,348229.7
Americas,2020-12-08,,estimate,224279,225247.2,26183,184200.3,207136.8,217923.2,230695.8,241610.8,270969.6
Americas,2020-12-09,,estimate,235666.5,236895,27505.1,193678.5,218048,228819.2,242611.2,254318,283851.4
Americas,2020-12-10,,estimate,297134,298415.1,34082.3,245273.6,274448.5,288401.8,305339.6,319837,357552.2
Americas,2020-12-11,,estimate,335879.5,337464.7,39288.5,275905.8,310577.2,326281.8,345480.4,362668.8,404647.8
Americas,2020-12-12,,estimate,340901.5,342103.6,39286.4,279976.9,314241.5,330971,351069,368149.2,409613.4
Americas,2020-12-13,,estimate,349320.5,350485.3,40674.2,284943.9,322350,339032.2,360068.8,377023,420134.6
Americas,2020-12-14,,estimate,318475,320481.4,37751.5,261877.4,294954.2,309612.8,328139.4,344247.2,386022.2
Americas,2020-12-15,,estimate,245368.5,246034.7,28139.7,201891.5,226590.5,237884,252228.8,264216.8,293215.7
Americas,2020-12-16,,estimate,252875,253885.1,29308.9,207433.2,233411.5,245487.8,259929.4,272809.5,304891.9
Americas,2020-12-17,,estimate,314558.5,315256.4,37253.6,256211.5,289533.5,304789,323547.2,339778,378210.5
Americas,2020-12-18,,estimate,348862.5,350308.7,41363.6,285271.8,322113.8,339236.4,359395.4,377059.5,420870.8
Americas,2020-12-19,,estimate,345673.5,347229.9,40463,283300.2,320303.8,335746.4,354848,372530,416849.2
Americas,2020-12-20,,estimate,347014,348409.2,39785.2,284857.6,321714.5,337608.2,356796.8,374693,416992.7
Americas,2020-12-21,,estimate,310831.5,312664.9,35958.2,256159.4,288353,302585.2,319841.4,335726.8,372875.5
Americas,2020-12-22,,estimate,235529,236608.8,27383.8,192781.2,217803.8,228702,242333.4,253850.8,283388.5
Americas,2020-12-23,,estimate,239236,240930.6,27676.3,197027.5,221614.8,232599.8,246578.2,259195.8,288965.3
Americas,2020-12-24,,estimate,293489,295401.3,34066.8,242521.8,272104.8,285425.2,302562,317491.2,352592.9
Americas,2020-12-25,,estimate,324185.5,325822.6,37533.5,266878.9,299909.2,314825.6,333605.6,349856,390142.9
Americas,2020-12-26,,estimate,322374.5,324345.6,37518.5,267463.4,297716.8,312912.4,331557.4,347637,389262.1
Americas,2020-12-27,,estimate,323304.5,324756.1,38920.1,266008.6,298135.2,312642.6,332366.4,349097,392003.5
Americas,2020-12-28,,estimate,294124,295540.3,35340.9,240445.7,271014.5,285170.8,302369.8,318197.5,356047.1
Americas,2020-12-29,,estimate,224007.5,225260.7,26821.2,184015.8,206814.2,217513.2,230528.4,242259.8,271157.1
Americas,2020-12-30,,estimate,233115.5,234501.3,28119.5,189991.4,215209.2,226422.4,240245.4,252596.5,282676.4
Americas,2020-12-31,,estimate,290466,293017.3,35261.6,238574.1,269145.5,281586.2,299824.8,315963,353032.1
Americas,2021-01-01,,estimate,329693,331625.1,39120.6,269337.4,304167.5,320051,340572.2,357529.8,398229.3
Americas,2021-01-02,,estimate,335781,338480.9,39667.6,276046.4,311564.2,326491.4,345794.6,363462.5,407371.1
Americas,2021-01-03,,estimate,346941.5,348557,39582.3,285628.9,321610.2,337335.6,357356.8,373031,416412.1
Americas,2021-01-04,,estimate,324633,325927.7,38189.8,264362.4,300102.5,315301.4,333716,350814.8,390660.1
Americas,2021-01-05,,estimate,254228,255877.4,29116.4,210246.6,236283,247423.4,261922.6,274008.5,306614.3
Americas,2021-01-06,,estimate,266371,267283.6,30104.8,219696.8,245940.8,259071.4,273916.8,286734.5,318867.8
Americas,2021-01-07,,estimate,338686.5,339818.5,39320.4,277212.2,312928.2,328220.2,349312,365988.5,405448
Americas,2021-01-08,,estimate,383034,385690.1,44549.7,314438,355344.5,372971.4,395406.2,414652.8,461211.1
Americas,2021-01-09,,estimate,390647,392813.9,46428.2,319781.7,360778.5,379285,402194.2,423354.5,471503.8
Americas,2021-01-10,,estimate,399845.5,400427,46843.2,323774.7,368005.5,387527,411844,431472.2,478573.7
Americas,2021-01-11,,estimate,364957.5,366115.6,42412.6,300444.7,336270,354309.6,374903.6,393876.8,437425.4
Americas,2021-01-12,,estimate,280241,281596.6,33315.7,229558.1,258674,271253.6,288571.4,302817.5,337930.1
Americas,2021-01-13,,estimate,288173,289110.6,33570.9,235644.1,266256.2,279814,296139.4,311089.8,347337.2
Americas,2021-01-14,,estimate,354938.5,356529.9,41243.5,291269.8,328150,344688.6,365425.2,382418,426291.5
Americas,2021-01-15,,estimate,392144.5,393569.2,46239.1,320302.5,361781.8,380702,402954.4,423285.5,472716.8
Americas,2021-01-16,,estimate,388414.5,388889.3,44967.7,317424.8,357965.5,377135.8,399681.8,418060.8,463788.6
Americas,2021-01-17,,estimate,384825,386719.8,45105.1,315687.8,355456.2,373648.4,396316.4,414331.8,463877.9
Americas,2021-01-18,,estimate,343445.5,345305.4,39921,282211.1,318506,333819.8,353452.4,371006,413333.8
Americas,2021-01-19,,estimate,258231.5,259235.3,29901.9,212248.1,238771,250809,265816.4,278181.5,310376.7
Americas,2021-01-20,,estimate,259390.5,260849.6,30394.2,213085.1,239514.2,252126.2,266917,279486.5,313771.7
Americas,2021-01-21,,estimate,315998,317993.8,36767.6,261224.4,293191.8,307620.2,325103.4,340522.8,382597.8
Americas,2021-01-22,,estimate,344996.5,345306.6,40102.8,281518,317051.8,334185,354606.6,371195.8,412668.8
Americas,2021-01-23,,estimate,336261,338054.2,39680.3,276336.7,311038.5,326620,345664.2,362851.8,405943.7
Americas,2021-01-24,,estimate,332803,333555.9,38394.1,272019.2,306614,322915,342314.2,358149.8,398365.5
Americas,2021-01-25,,estimate,293231,294282.5,34065.7,241097.4,270719.8,284526.8,301853,315818.5,353305.6
Americas,2021-01-26,,estimate,219438.5,220224.9,25102.8,180901.3,202494.2,212920.4,226133.6,236409.2,263013.3
Americas,2021-01-27,,estimate,220142.5,221686.2,25488.1,182609.6,204605.8,214193.6,226671.4,237542.8,264970.1
Americas,2021-01-28,,estimate,267606.5,269365.8,31613.1,220336.8,247760.5,259936.6,275722,290407.8,323559.1
Americas,2021-01-29,,estimate,291271.5,292342.3,34052.4,238169.9,269227,282319.2,299666.4,314323.2,349797.1
Americas,2021-01-30,,estimate,284322.5,285683.8,33271.1,233935.5,263216.8,275571,292364.2,307248,342179.6
Americas,2021-01-31,,estimate,280138.5,281558.3,32045,231098.4,259499.5,271900.8,287941.6,301505.8,336260.3
Americas,2021-02-01,,estimate,247361.5,248654.9,28402.1,204159.8,228961,240774.6,255029.2,266338.8,298088.4
Americas,2021-02-02,,estimate,184037.5,185390.2,21674.4,151655.1,170709.8,179029.8,189439.2,199025.2,222488.6
Americas,2021-02-03,,estimate,184703.5,185855,21447.5,152811.2,170913.5,179404.6,190646,199779,222589.8
Americas,2021-02-04,,estimate,223946.5,224850.2,25783.7,184561.9,207353,217283.8,230558.2,241153.2,270103
Americas,2021-02-05,,estimate,241877,243192.5,28069.6,199491.4,223510.5,235160,248936.2,261407,291586.4
Americas,2021-02-06,,estimate,235932,237119.6,28010.4,192128.1,218106.2,229166,242785.8,255115.2,285472.9
Americas,2021-02-07,,estimate,230713,231544.3,26663.8,189669,213427.5,224216.4,237696.4,248645.5,276744.9
Americas,2021-02-08,,estimate,204310,205605.8,23743.5,169070.9,189020,199083.2,210559.2,220663.2,245997
Americas,2021-02-09,,estimate,151984,152529.2,17948.8,124076.7,140259.2,147407.4,156282.2,163890,183669.2
Americas,2021-02-10,,estimate,151401.5,152340.9,17650.8,125147.2,140491.8,147324,156195.2,163349.2,182823.9
Americas,2021-02-11,,estimate,183718.5,184392,21157.6,151208.6,169814.5,178573.6,189069.8,197704.8,220372.2
Americas,2021-02-12,,estimate,198447.5,199396.2,23516.1,162600.8,183417.8,192279.8,203774,214404.8,239261.5
Americas,2021-02-13,,estimate,194309,195436.8,22275.7,160449.1,180410,188976.4,199895.8,209740,233248.7
Americas,2021-02-14,,estimate,191549.5,192484.3,22607.7,157129.9,177349.5,185915.8,197215.8,206670.2,230840.6
Americas,2021-02-15,,estimate,170578.5,171706.5,19873.6,141789.4,157772.2,165670.2,175528.6,183803.5,207206.3
Americas,2021-02-16,,estimate,128409.5,129128.1,14883.8,105432.2,119059.2,124879.8,131961.4,138614,154588.2
Americas,2021-02-17,,estimate,129969,130477.3,15215.6,106456.3,120200.5,126237.2,133625,139975,156761.1
Americas,2021-02-18,,estimate,159411.5,160145.3,18590.4,130783.3,147653.2,154755.6,163799.4,172104.8,191495.6
Americas,2021-02-19,,estimate,175490,176131.5,20357.4,144057,162068.2,170380.8,180501.2,188982.8,210844
Americas,2021-02-20,,estimate based on partial data,174966.5,175743,20064.3,143879,161850.8,169876.2,180185.4,188686,210382.6
Americas,2021-02-21,,estimate based on partial data,174757,175650.6,20222.2,143845.6,161182.5,169987.4,180044,188861.5,210173.2
Americas,2021-02-22,,estimate based on partial data,159065,159655,18823.8,129771.2,146722.5,154365.2,163801,171634.2,191986.7
Americas,2021-02-23,,estimate based on partial data,121150,121761.2,14181.7,99908.6,111735.8,117589,124523,130920.2,146232.5
Americas,2021-02-24,,estimate based on partial data,125269.5,125520.7,14936.1,102017.6,115300.5,121366,128726.2,134815,151015.5
Americas,2021-02-25,,estimate based on partial data,155571,156594.6,18283.3,127871.9,144107.2,151244.8,160324.8,168308,188100.1
Americas,2021-02-26,,estimate based on partial data,174091.5,175304.8,20840.1,143042.4,160843.8,169087.2,179339,188411.8,210985.5
Americas,2021-02-27,,estimate based on partial data,176338,177282.5,21173.1,144318.6,162534.5,170754.2,181628.6,191366,212997.6
Americas,2021-02-28,,estimate based on partial data,177846,178966.9,21383.8,145767,164150,172738,182911.4,192588.2,215862.8
Americas,2021-03-01,,estimate based on partial data,162748.5,164072.7,20474.1,132718.8,149702.2,157705,168249.8,177446.5,198835.7
Americas,2021-03-02,,estimate based on partial data,125657,126394.7,16401.5,101047.2,114850.5,121737.6,129360.2,136780.5,154791
Americas,2021-03-03,,forecast,129676,130720.8,18218.2,102936.9,117887.8,125317.4,134279.4,142311.2,162755.1
Americas,2021-03-04,,forecast,162034,164160.5,24902.5,125827.2,147042,156798,168378.2,179427.8,208608.4
Americas,2021-03-05,,forecast,182013,184462.9,30930.1,138118.8,162926,174697.8,189871.4,203308,237908.8
Americas,2021-03-06,,forecast,183780,187109.3,35414.5,136081.9,162174.8,174901.6,192610.4,208147,250200.5
Americas,2021-03-07,,forecast,186405,190669.3,40390.7,133464.1,161873,177462.8,195807.4,213297.8,263341.5
Americas,2021-03-08,,forecast,170425.5,175224.1,41936.6,117315.9,146144,161115.6,180525.6,198104.5,246278.2
Americas,2021-03-09,,forecast,131278,135793.9,36108.8,87249.6,110919.2,122850.6,139477.2,155831.8,199563
Americas,2021-03-10,,forecast,136353,142574.3,43660.3,85162.6,112696.2,127116.4,145590.8,164273,220265.5
Americas,2021-03-11,,forecast,170719.5,179610.8,60437.4,101745.7,138765.5,157837.4,184506.4,209505,286054.2
Americas,2021-03-12,,forecast,192175,204284,77999.8,109195.4,152714.2,177514.4,208229.2,240445.2,339154.1
Americas,2021-03-13,,forecast,192409,208575.5,87392.7,103941.4,149817,175941.2,211800.6,248311.5,363769.4
Americas,2021-03-14,,forecast,196203.5,214777,100594,100631.4,151779,178316.6,216836.2,254712.8,386234.2
Americas,2021-03-15,,forecast,179122,199972.2,102532.2,88641.4,135249.2,161183.6,199448.6,240558.8,371312.8
Americas,2021-03-16,,forecast,138901,156611,87821.2,64497.2,102636,123859.4,156078.4,190176.2,299665.2
Asia,2020-11-10,,estimate,88108,88249.7,5472.4,79400.7,84626.5,86834.6,89405,91941.2,97499.1
Asia,2020-11-11,,estimate,100918.5,101101,5745.5,92070.8,97109,99383.6,102426.8,104886.2,110716.1
Asia,2020-11-12,,estimate,104571,104704.4,5767.8,95384.8,100815.8,103183.6,106072.4,108629.8,114110.6
Asia,2020-11-13,,estimate,105306.5,105438.7,5854.1,95977.8,101409.5,103856.8,106817.6,109186,115379.2
Asia,2020-11-14,,estimate,103038.5,103138.3,5715,94073.7,99257.8,101539.2,104468,106908,112636.4
Asia,2020-11-15,,estimate,102086.5,102236.6,5557.5,93262.8,98440.8,100712,103534,105860.5,111451
Asia,2020-11-16,,estimate,94002.5,94097.6,5023.3,86105.4,90635.2,92723.6,95234,97423.2,102537.4
Asia,2020-11-17,,estimate,92716,92847.4,4920.9,84976.4,89453,91609.6,93977.8,95938.5,101216.4
Asia,2020-11-18,,estimate,106650.5,106551.3,5706.1,97227.2,102686,105077.2,107990,110250.5,116130.5
Asia,2020-11-19,,estimate,111445.5,111617,6006.2,102095,107342.8,109910.8,113058,115776.2,121600.8
Asia,2020-11-20,,estimate,113627,113739.1,6140.1,103935.6,109672.5,112125.6,115074.4,117759.5,124161
Asia,2020-11-21,,estimate,112694,112800.1,6105.5,102962.9,108567.2,111135.2,114280.8,116837.2,123025.1
Asia,2020-11-22,,estimate,113110.5,113140.4,6025.1,103430.9,109028.8,111438.6,114675.2,117094.2,123333.5
Asia,2020-11-23,,estimate,104914,105030.6,5654.5,95936.2,101297.2,103429.6,106308.4,108648.2,114441.8
Asia,2020-11-24,,estimate,104224,104286.5,5512.5,95529.2,100503.8,102695,105620.8,107959.8,113300
Asia,2020-11-25,,estimate,119832,119909.4,6400.5,109584.8,115646.2,118125.6,121315.8,124150,130409.4
Asia,2020-11-26,,estimate,125883.5,126006.4,6621.8,115434.7,121422.5,124155.4,127543.8,130467,136869.3
Asia,2020-11-27,,estimate,128041.5,128169.2,6795.6,117238.8,123485.2,126385.4,129737.8,132673.8,139610.4
Asia,2020-11-28,,estimate,126246,126417,6781.2,115542.8,121887,124542.8,127934.6,130918,137914.1
Asia,2020-11-29,,estimate,125702,125680,6691.2,114919.8,121092,123843,127380.4,130170.8,136871.4
Asia,2020-11-30,,estimate,115330,115437.1,6095.6,105512.7,111417.5,113885.4,116738,119528.2,125703.6
Asia,2020-12-01,,estimate,113205.5,113375.9,6089.3,103765.6,109178,111674.6,114774.4,117381.5,123692.4
Asia,2020-12-02,,estimate,128305.5,128458.7,6957.9,117451.9,123700.5,126520.2,130000.4,133085.8,140045.3
Asia,2020-12-03,,estimate,132227,132234.1,7050.8,120540.4,127464.8,130301.8,134034.6,137038.8,143994.1
Asia,2020-12-04,,estimate,132068,132137.4,7021.1,120898,127487.2,130291,133795.8,136586.2,143779.8
Asia,2020-12-05,,estimate,127761,127951.7,7001.4,116743.5,123094.2,126053.8,129641.4,132598.2,139706.5
Asia,2020-12-06,,estimate,124450,124650.1,6636.1,114010.1,120132.2,122851.6,126233.4,129022.2,135714.8
Asia,2020-12-07,,estimate,112509.5,112611.3,5903,102940.9,108661.5,111055.4,114001.4,116558.5,122369.2
Asia,2020-12-08,,estimate,107921,108021.5,5686.4,98958.8,104086.2,106417.6,109323.2,111678.2,117577.6
Asia,2020-12-09,,estimate,120671.5,120906.9,6586.4,110492,116570.8,119154.6,122326.2,125154.5,132485.9
Asia,2020-12-10,,estimate,122488,122714,6475.3,112252.6,118398.8,120926.6,124211.6,126973,133557.1
Asia,2020-12-11,,estimate,120435,120588.7,6373.6,110136.4,116302.5,118952.4,122015,124788.2,131382.4
Asia,2020-12-12,,estimate,115598.5,115698,6194.2,105787,111424.8,114034.2,117238.8,119869.5,126130.8
Asia,2020-12-13,,estimate,111446.5,111596.4,5970.2,102135.6,107546.5,109971.6,112904.4,115522.5,121775.6
Asia,2020-12-14,,estimate,99439,99607.5,5385.9,90902.4,95988.5,98135.6,100717,103254.5,108412
Asia,2020-12-15,,estimate,95015,95126.6,5022.1,87067.7,91676.5,93752,96209.8,98286,103830.2
Asia,2020-12-16,,estimate,105113,105245,5517.2,96172,101454.5,103732.2,106474,108919.5,114478.2
Asia,2020-12-17,,estimate,106079.5,106177,5666.4,97035,102379.8,104656,107470.8,109868.8,115657.7
Asia,2020-12-18,,estimate,103921.5,104006.6,5395.3,95362.2,100370.2,102634,105251.8,107507.8,113000
Asia,2020-12-19,,estimate,98971,98995.8,5239.3,90397.1,95502,97594.2,100301.6,102420.5,107758
Asia,2020-12-20,,estimate,94999,95151.6,5046.9,87194.7,91725,93813.8,96320.6,98375,103757.3
Asia,2020-12-21,,estimate,84718,84738.7,4552.2,77277,81624.8,83584.6,85866.2,87768,92205.4
Asia,2020-12-22,,estimate,80648,80623.1,4298.8,73717,77638,79471.4,81669.2,83440.8,87705.3
Asia,2020-12-23,,estimate,89017,89054.4,4772.7,81287.4,85797.8,87841.2,90192.4,92172.8,97203.6
Asia,2020-12-24,,estimate,90009,90133.1,4811.7,82286,86929.5,88874.6,91177.2,93312.8,98194.6
Asia,2020-12-25,,estimate,88492,88553.7,4683.4,81128.9,85255.5,87194,89700.4,91622.8,96376.4
Asia,2020-12-26,,estimate,84590,84667.8,4563.3,77272.5,81589.8,83572,85736.2,87557.8,92331.4
Asia,2020-12-27,,estimate,81830.5,82035.6,4422.7,75115.7,78970.2,80769.8,82990,84999,89674.8
Asia,2020-12-28,,estimate,73729.5,73778.4,4036.8,67250,70987.8,72690.6,74710,76427.8,80509.9
Asia,2020-12-29,,estimate,70938.5,71085.4,3867.3,64955.9,68465.5,70009.2,72001,73557.8,77728.2
Asia,2020-12-30,,estimate,79839,79952,4373.7,72989.8,77040.8,78841.8,81009.8,82752.8,87279.2
Asia,2020-12-31,,estimate,82088.5,82209.2,4449.7,75064.5,79204.8,80963,83220,85133.2,89752
Asia,2021-01-01,,estimate,82152,82204,4422.1,75144,79199,80984,83180,85158.2,89561.4
Asia,2021-01-02,,estimate,80167.5,80329.7,4338.4,73414.2,77404,79078.2,81263.2,83250.2,87624
Asia,2021-01-03,,estimate,79367,79415.4,4246.8,72476.9,76615.2,78315.4,80325.4,82102.2,86440.8
Asia,2021-01-04,,estimate,72736,72789.5,3812.1,66757.5,70249,71725.6,73719,75183.8,79125.3
Asia,2021-01-05,,estimate,71452.5,71573,3797,65481.2,68942.8,70523,72417.4,74063.2,77990
Asia,2021-01-06,,estimate,81412,81512.8,4314.1,74667.5,78573,80388.6,82467.4,84395,88663
Asia,2021-01-07,,estimate,84770.5,84909.7,4563.2,77565.6,81808.2,83709.2,85966.4,87979.8,92552.3
Asia,2021-01-08,,estimate,85659,85798.7,4618.3,78537.5,82689.5,84543,86816.4,88853.2,93690.2
Asia,2021-01-09,,estimate,84020,84075,4461.5,76928.8,81129,82920,85180.4,87100.5,91458.6
Asia,2021-01-10,,estimate,82978,83086.8,4497.7,75973,80044.8,81825.2,84092.4,86152.2,90822.8
Asia,2021-01-11,,estimate,76027,76133.4,4105.4,69547.8,73391.5,75092.6,77065,78881,83043
Asia,2021-01-12,,estimate,74326,74366.3,3956.3,67929.9,71655.8,73309,75331.6,76924.2,81095.2
Asia,2021-01-13,,estimate,83960.5,84022.4,4536.5,76709.6,80962,82840.8,85094.6,86992.2,91607.1
Asia,2021-01-14,,estimate,86193,86272.3,4616.6,78857.9,83163,85061.2,87426.4,89388,93855.2
Asia,2021-01-15,,estimate,85843.5,86028.4,4549.5,78828,82993.5,84755.8,86974,89008.2,93821.6
Asia,2021-01-16,,estimate,83180.5,83241.6,4446.2,76036,80230.8,82027.8,84278,86179,90533.1
Asia,2021-01-17,,estimate,81026.5,81159.3,4402,73964.4,78268.8,80021.6,82120.6,83987,88599.1
Asia,2021-01-18,,estimate,73219.5,73284.7,3978,66862.4,70671.5,72189.8,74226.8,75812.2,79868.8
Asia,2021-01-19,,estimate,70688.5,70756.4,3732.4,64732.6,68294.8,69703.2,71639.8,73228.2,76912.2
Asia,2021-01-20,,estimate,79143.5,79302.1,4249.5,72553.7,76344.5,78150,80288,82073.2,86475
Asia,2021-01-21,,estimate,81006.5,81023.4,4315.5,74107.7,78103,79869.2,82039.2,83796.8,88410.6
Asia,2021-01-22,,estimate,80405,80490.6,4372.6,73461.3,77507.5,79353,81505.4,83314,87974.1
Asia,2021-01-23,,estimate,77725.5,77817.5,4187.5,71067,75024,76737,78823.4,80629.2,84626.6
Asia,2021-01-24,,estimate,75789.5,75835.3,4143.9,69033.1,73017,74671.6,76763.4,78627.2,82760
Asia,2021-01-25,,estimate,68746.5,68716.6,3710.4,62816.3,66092.5,67738.8,69661.2,71206.8,74828.3
Asia,2021-01-26,,estimate,66595.5,66698.4,3554.7,61014.6,64252.8,65615,67529.8,69082.2,72702
Asia,2021-01-27,,estimate,75125.5,75263.6,4014,68813.9,72619,74164.6,76180.4,77923,81957
Asia,2021-01-28,,estimate,77150,77229.4,4131.6,70663.7,74379,76148.2,78161.6,79945.2,84079
Asia,2021-01-29,,estimate,76977,77103.6,4117.3,70561.6,74260.5,75983.8,78022.8,79869,84092
Asia,2021-01-30,,estimate,74665,74801.6,4016.1,68394.9,72127.5,73684,75675.2,77502.5,81581.1
Asia,2021-01-31,,estimate,73248.5,73314.6,3928.9,67050.7,70616,72200,74194,75963.2,79888.1
Asia,2021-02-01,,estimate,66352.5,66388.7,3495.9,60758.8,64051,65510.8,67213,68705.2,72311.3
Asia,2021-02-02,,estimate,64352,64365.8,3427.7,58686.6,61991,63514.6,65274.8,66606.8,70104.2
Asia,2021-02-03,,estimate,72320.5,72393.1,3879,66256.4,69682.2,71338.4,73307.4,74971.8,78807.2
Asia,2021-02-04,,estimate,74098,74174.3,3887.2,67839.7,71511,73132.2,75131.8,76636.5,80684.1
Asia,2021-02-05,,estimate,73743,73720.2,3930.1,67075.4,71177.5,72760,74647.4,76325.5,80230.7
Asia,2021-02-06,,estimate,71215,71318.2,3693,65345,68845.5,70274.6,72157.4,73730.5,77546.8
Asia,2021-02-07,,estimate,69445.5,69434.7,3656.5,63474.6,67032.8,68484.6,70333.4,71821.5,75466.6
Asia,2021-02-08,,estimate,62655,62694.6,3327.3,57329.8,60414.5,61837.6,63455,64837,68312.1
Asia,2021-02-09,,estimate,60414,60576.1,3228.9,55495.9,58344.2,59695.2,61336.4,62678,66090.1
Asia,2021-02-10,,estimate,68067.5,68187.8,3621.5,62423.8,65705,67145.2,68993.8,70548.8,74406.6
Asia,2021-02-11,,estimate,69821,69937.7,3732.8,64020.9,67350.8,68965,70700,72340.2,76414.1
Asia,2021-02-12,,estimate,69616.5,69685.2,3709.2,63708.5,67188.8,68740.6,70582.4,72154.5,75787.1
Asia,2021-02-13,,estimate,67510.5,67605.4,3540,61994.7,65240,66651.8,68470.2,69945.2,73524.1
Asia,2021-02-14,,estimate,66124.5,66261.1,3527.5,60718.1,63827.8,65240.2,67029,68565.2,72328.6
Asia,2021-02-15,,estimate,60310.5,60402.7,3210.1,55312.3,58217.2,59540,61180.2,62493,65839.6
Asia,2021-02-16,,estimate,59019,59099.6,3169.4,54084.9,56868.5,58230.6,59813,61234,64441.6
Asia,2021-02-17,,estimate,67084,67076.9,3584.7,61225,64738.8,66132.2,67948.4,69432.2,72964.4
Asia,2021-02-18,,estimate,69524,69595,3763,63599.7,67029.8,68617.8,70428.4,72062.5,75922.3
Asia,2021-02-19,,estimate,70313,70342.1,3785.6,64172.7,67735.8,69339.2,71272.4,72836,76626.1
Asia,2021-02-20,,estimate based on partial data,69097.5,69202.7,3649.5,63490.9,66707,68181.6,70005.4,71607,75352.4
Asia,2021-02-21,,estimate based on partial data,68697,68778,3688.5,62798,66268,67763,69667.8,71131,75156
Asia,2021-02-22,,estimate based on partial data,63292.5,63360.3,3440.3,57798.8,61067,62405,64120.4,65658.5,69067.1
Asia,2021-02-23,,estimate based on partial data,62510,62527.3,3347.3,57174.8,60218,61712.2,63381,64752.5,68021
Asia,2021-02-24,,estimate based on partial data,71646,71672,3782.2,65577.6,69079.8,70676,72594.8,74173.5,77855.4
Asia,2021-02-25,,estimate based on partial data,75038,75051.9,4029.7,68409.8,72385.5,74050.4,76101.2,77766.2,81605.1
Asia,2021-02-26,,estimate based on partial data,75986.5,76022.3,4079.1,69427.5,73197.8,74969,77052.4,78718.2,82587.2
Asia,2021-02-27,,estimate based on partial data,74980,75053.5,4153.5,68417.6,72137.8,73993.2,75966.6,77786.2,82048
Asia,2021-02-28,,estimate based on partial data,74648,74772.5,4143.3,68087.2,71926.8,73652.6,75754.2,77575,81728.2
Asia,2021-03-01,,estimate based on partial data,69000.5,69051.7,3850,62662,66474,68078,70028,71582.2,75369.1
Asia,2021-03-02,,estimate based on partial data,67880,67926.8,4063.1,61437.8,65126.2,66786,68897.2,70525.2,74938.2
Asia,2021-03-03,,forecast,77614.5,77730.4,5128.1,69694.9,74169.8,76253.8,78904.2,81144,86401.5
Asia,2021-03-04,,forecast,80739,81007.5,5966.6,71592.7,77062,79356.4,82206.6,84788,91217.8
Asia,2021-03-05,,forecast,81692.5,82011.6,7078.8,71032.3,77189,79928.2,83557.8,86381.2,94241.2
Asia,2021-03-06,,forecast,80328.5,80767.6,7940.4,68378.8,75360.8,78414.4,82402.6,85714,94069.1
Asia,2021-03-07,,forecast,79780,80237.6,9066.2,66409.6,73918,77389.6,82041,86112.2,95817.4
Asia,2021-03-08,,forecast,73349,73909.3,9471.2,59321.5,67267.5,70955.2,75610.8,79794,90676.2
Asia,2021-03-09,,forecast,72067,72788.4,10641,56802.4,65373.2,69549.2,74771.8,79370.5,91395.7
Asia,2021-03-10,,forecast,82485.5,83272.4,13722.9,62708,73747.8,78906.6,85939,91875.8,107228.8
Asia,2021-03-11,,forecast,85575,86902.3,15891.6,63234.2,76037.5,81903.4,89400.2,96226.5,115492.7
Asia,2021-03-12,,forecast,86513.5,88138.2,17871.4,62000.8,75475.5,82557.2,91040,98525.5,120115.8
Asia,2021-03-13,,forecast,85520,87020.2,19414.2,58550.9,73560.5,80548,89805.8,98367,122218.1
Asia,2021-03-14,,forecast,84513,86555.2,21119.1,56485,71738.5,79419,89520.4,98388.5,125743.4
Asia,2021-03-15,,forecast,77770,79961.3,21122.2,50046.2,65301.8,72871,82731.6,91666.5,117984.9
Asia,2021-03-16,,forecast,76354.5,78951.9,22374.4,47589.2,63492,71306.2,81443.4,91151,119459.9
Europe,2020-11-10,,estimate,181590,182037.2,17567.4,153660.1,169708.2,177201.2,185986.4,193574.2,212123.4
Europe,2020-11-11,,estimate,253883,254998.7,24263.5,216754.2,238065.2,248144.8,259871.4,270507,296759
Europe,2020-11-12,,estimate,303234.5,304501,28004,259943.4,285394.8,296334.4,310299,322796.2,352684.9
Europe,2020-11-13,,estimate,306239.5,307245.5,28749.9,261322.4,287172.5,299282.6,313167.8,326118.8,355957.1
Europe,2020-11-14,,estimate,295031,295825.5,27744.8,252450.3,276720.2,287522,301693.6,314174,343566.8
Europe,2020-11-15,,estimate,261618,261812.8,24392.1,223300.2,245169.2,255171.2,267785.4,277532.5,303849.6
Europe,2020-11-16,,estimate,210076.5,210852,19532.3,180376.4,197359.2,205134,215001,223393.8,244694.3
Europe,2020-11-17,,estimate,190855.5,191472.6,17349.8,164676.8,179403.2,186603.2,195299.2,202815,220263.8
Europe,2020-11-18,,estimate,251263,251908.4,22839.4,214969.2,236542.5,245646.6,256816.8,266787.2,290453.5
Europe,2020-11-19,,estimate,284214.5,284610.3,25830.7,243908.9,266506.2,277493,290411,301417.8,328652.8
Europe,2020-11-20,,estimate,277955,278406.5,24905.4,238731.2,260859.5,271642.6,284560,294439.2,320922.5
Europe,2020-11-21,,estimate,260888,261719.5,23952.1,224755.6,245018.8,255258,266868.4,277059,303861.9
Europe,2020-11-22,,estimate,227850,228494.3,20576,196847.6,213951.2,222674,232879,241466.2,263821.2
Europe,2020-11-23,,estimate,182958.5,183475.3,16607.8,157775.5,172091,178732.2,187060,194495,211661.5
Europe,2020-11-24,,estimate,164696.5,165076.1,15071.1,140749.4,154568,161094.2,168442,174806.8,190216.4
Europe,2020-11-25,,estimate,216662,217191.1,19623.2,186262.8,203554.5,211591.2,221677.2,230066,250447.8
Europe,2020-11-26,,estimate,246491.5,247518.4,22306,212742.9,232288.8,241193,252268.2,261751.8,285360.3
Europe,2020-11-27,,estimate,241847,242334.9,21970.5,207270.8,226937.2,236211,247431.4,256656,279537.4
Europe,2020-11-28,,estimate,228143.5,229032.3,20731.1,196603.3,214635,223135,233028,242301.8,264969
Europe,2020-11-29,,estimate,201353,201942.1,18724.7,172195.7,188845.2,196897,206123.4,213682.8,233540.6
Europe,2020-11-30,,estimate,162829.5,163560.4,14882.1,140405.2,153278,159429.4,166498.4,173173.2,188439.9
Europe,2020-12-01,,estimate,148429.5,149273.5,13521.6,128411.3,140010,145299.6,151802,157642,172853.5
Europe,2020-12-02,,estimate,198970,199288.9,17834.8,171337.6,186739.5,194452.4,203056.4,210449,230412.5
Europe,2020-12-03,,estimate,228986,229695.7,21097.5,196892.9,215470.2,223624.4,234294.2,243301,265856.7
Europe,2020-12-04,,estimate,227541,228181.7,20838.3,195285.2,213819.8,222117.4,232964,241935.8,262784.1
Europe,2020-12-05,,estimate,217618.5,218413.2,19895.2,187536.7,204727.8,212770.4,222564,231661.2,252309.2
Europe,2020-12-06,,estimate,194064,195069.6,17769.7,167547.9,182935.5,189947.4,198716.4,206418.8,225292.4
Europe,2020-12-07,,estimate,160034.5,160470.4,14302.4,137911,150712.2,156635.4,163512.8,169470.8,184452.2
Europe,2020-12-08,,estimate,147746,148294.7,13238.7,127235.3,139433.2,144436.8,151099.8,156973.8,170930.6
Europe,2020-12-09,,estimate,200228.5,200841,18246.3,171877.5,187943.8,195773,204640,212804.2,232234.2
Europe,2020-12-10,,estimate,233044,234013.5,21170.9,201417.9,219379.8,227691.2,238364.6,247557.2,270013.1
Europe,2020-12-11,,estimate,233686.5,234293,21248.9,200735.8,219401.5,228817,239026.6,248198.8,270564.8
Europe,2020-12-12,,estimate,226323.5,227094.9,20468.8,194516.3,212853.5,221223.4,231743.8,240535,261341.2
Europe,2020-12-13,,estimate,203124.5,203891.9,18267.9,174463.4,191616.2,198642.8,207709,215587.2,235259.5
Europe,2020-12-14,,estimate,167159,167754,15085.3,143593.9,157743.8,163693.8,171142.8,177453.5,193211.1
Europe,2020-12-15,,estimate,155237,155582.3,14050.5,133276.5,145998,151796.4,158641.4,164790,179192.3
Europe,2020-12-16,,estimate,209485,210311.7,19218.4,180770.2,197094,204833.6,214097.2,222190.2,244807.2
Europe,2020-12-17,,estimate,242923.5,243592.7,22533.9,207479.8,228451.8,237224.4,248836,258320,281454.2
Europe,2020-12-18,,estimate,243100.5,244048,22370.1,209613.8,228695.2,238065,249154.4,258053.2,283227.8
Europe,2020-12-19,,estimate,233665,234521,21615.3,200021.4,219827.8,228650.8,239550.4,249010.2,271248.2
Europe,2020-12-20,,estimate,208698,209439.9,18842.5,179964.9,196034,204341.8,213096.2,221343.5,241831.7
Europe,2020-12-21,,estimate,170746.5,171142.5,15511.6,146057.4,160699.5,166718.8,174500,181152,197758.2
Europe,2020-12-22,,estimate,157060,157140.5,14238.6,134580.4,147505.5,153549.8,160062,166362.2,181507
Europe,2020-12-23,,estimate,211037.5,211566.1,19378.3,180565.7,198518,206326.6,215427.4,223646.2,244481.2
Europe,2020-12-24,,estimate,243548,244414.8,22119.8,208840,229530.8,238146.2,249324.8,258858.2,281244.3
Europe,2020-12-25,,estimate,243368.5,244491.2,22815.4,208732.8,228882.2,237621.6,249371,258930.2,283683.6
Europe,2020-12-26,,estimate,234057.5,235161.7,21949.8,200749.9,220100.8,228564.8,239524.2,248417.5,272780
Europe,2020-12-27,,estimate,209436.5,210253.4,19433.2,179905.5,196775.2,204793.2,214292,222706.2,243044.6
Europe,2020-12-28,,estimate,172114.5,173042.8,15976.7,148052.9,161708.5,168317.6,176415,183541.8,200223.4
Europe,2020-12-29,,estimate,159682.5,160436.6,14731.4,137641,150162.5,156074.6,163453.4,169959.5,186448.6
Europe,2020-12-30,,estimate,216127,217046.2,20156.3,185094.6,202977.5,211448.2,221506.2,230526,251063.8
Europe,2020-12-31,,estimate,253752,254688.6,23099.9,218496.9,239251.5,248131.8,259538.2,269469.2,294253.1
Europe,2021-01-01,,estimate,255683.5,256258,23455.5,219066.5,239797.8,249470.6,261749,271826,296295.1
Europe,2021-01-02,,estimate,248424,249235.6,22544.4,213387.4,234124.2,242853,254087.2,264024.2,287230.8
Europe,2021-01-03,,estimate,224312.5,224771.6,20020.1,192794.6,211271.5,219239.8,229224.8,237325.8,258888.5
Europe,2021-01-04,,estimate,185474,186082.3,16862.6,159683.6,174330.2,181302.8,189714,196905.5,214754.3
Europe,2021-01-05,,estimate,172917.5,173467.9,15579.6,148702.6,162705,169108.4,177044.2,183367.2,200073.1
Europe,2021-01-06,,estimate,234505,235089,21653.9,200763.2,220517.5,229205.8,240265.2,249274.2,272346.4
Europe,2021-01-07,,estimate,274586.5,275038.9,24990.7,234588.2,258138.8,268305.8,280613,291101.2,318374.3
Europe,2021-01-08,,estimate,274616,275100.7,24758.5,235621.4,258048.8,268229.2,280893.2,291272,317216.1
Europe,2021-01-09,,estimate,265185.5,265136.1,23817.3,226068.2,248813.2,259266,270997.6,281141.8,304805.4
Europe,2021-01-10,,estimate,235579.5,236122.6,21530.5,202225.2,221539.8,230315,240613.4,249929,272391.6
Europe,2021-01-11,,estimate,191937.5,192661.6,17412.4,165467,180767.2,187806,196373.4,204008.5,222192.2
Europe,2021-01-12,,estimate,176117,176626.1,15903.2,150939.1,165636.8,172036.6,180424.8,186928,203881
Europe,2021-01-13,,estimate,234615,235158.3,21143.6,200598.9,221096.8,229059.2,240278.2,248601.8,271015
Europe,2021-01-14,,estimate,268925,269539.6,24277.6,229978.9,253406,262850.4,275048.8,285390,310429.4
Europe,2021-01-15,,estimate,264316.5,265177.4,24012,228203.5,248154.8,258243,270973.6,280911.5,305354.3
Europe,2021-01-16,,estimate,250156.5,250906.6,22357,215376.1,235755.2,244842.2,255680.8,264709.2,289165.8
Europe,2021-01-17,,estimate,219656,220184.5,19605.1,189178.3,206900.2,214631.4,224595,233016,253256
Europe,2021-01-18,,estimate,176828,177346.2,15909.4,152885,166617.8,173093.8,180809.8,187166.2,205174.8
Europe,2021-01-19,,estimate,160348,160609.8,14516.7,137162.2,150730.8,156637.2,163808.2,169833,185426.4
Europe,2021-01-20,,estimate,211306,211746.1,19507.8,180829.1,198389.5,206128.6,216286.6,224565.8,244412.1
Europe,2021-01-21,,estimate,239298.5,240017.9,21909.8,205277.1,225247.8,234069.2,244304.4,254222.2,277285.4
Europe,2021-01-22,,estimate,234280.5,234762.9,21401.7,200318,220168.5,228873.2,239655.8,248578,270886.6
Europe,2021-01-23,,estimate,220687,221059.8,20266.4,189025.8,207041.2,215815.8,225381.8,234383.8,254699.6
Europe,2021-01-24,,estimate,192714.5,193196,17262.9,165887.5,181038.2,188448.6,196924,204557,221794.6
Europe,2021-01-25,,estimate,154571,155012.8,13810.1,133238.5,145405.5,150949.8,157969,164077.5,178511.9
Europe,2021-01-26,,estimate,139298.5,139495.8,12425.7,119120.3,131156.2,136124,142248.2,147726.2,160078.7
Europe,2021-01-27,,estimate,183027,183461,16342.6,158078.8,172051.5,178978.4,187101,194244,211028.6
Europe,2021-01-28,,estimate,206656.5,207288.7,18365.8,177828.2,195240.2,202240.4,210846.2,219049.8,238705.1
Europe,2021-01-29,,estimate,201304,201544.1,18154.7,172511,189119.5,196726.4,205223.4,213277.8,231997
Europe,2021-01-30,,estimate,188886,189461.7,17147.8,161485.3,177951.8,184999.8,193017.4,200423.2,217567
Europe,2021-01-31,,estimate,164197,164539.8,14967.6,140437.5,154004.2,160435,167852.8,174345.2,189420.5
Europe,2021-02-01,,estimate,131074,131565.6,11569.6,112865.4,123845.5,128239.4,134151.4,139178,151046.9
Europe,2021-02-02,,estimate,117748,118044.8,10768.7,100550,110747.2,115121.8,120501.4,125238.2,136039.8
Europe,2021-02-03,,estimate,154567.5,155151.7,13826.3,132910.2,145961,151293.8,158117.4,163772,178902.3
Europe,2021-02-04,,estimate,174658.5,175353.7,15459.2,150594.6,164855.5,170864,178652.4,185513.8,201627.6
Europe,2021-02-05,,estimate,169909,170287.3,15310.6,146355.9,159361.2,165957.4,173560.2,180275.2,196116
Europe,2021-02-06,,estimate,159352.5,159777.6,14301.3,136629.1,150272.5,155905.8,162977.8,169102.2,183765.9
Europe,2021-02-07,,estimate,138507,139251.4,12502.2,119798.6,130753,135485,141917,147266.2,160903.6
Europe,2021-02-08,,estimate,111430,111678.3,10074.6,95480.6,104960,109118.8,113952.4,118142.2,128832
Europe,2021-02-09,,estimate,100312,100615.4,9015.8,86356.4,94402.8,98037,102547.6,106368.8,115874
Europe,2021-02-10,,estimate,132373.5,132965.6,12133.7,114212.4,124672.2,129332.8,135333.8,140580,153985.6
Europe,2021-02-11,,estimate,151214.5,151806.9,14029.7,129600.8,142324.5,147751.6,154533,160855.8,176017.3
Europe,2021-02-12,,estimate,149302,149677.8,13377.2,128435.7,140372.2,145871.6,152560,158257.8,172637.7
Europe,2021-02-13,,estimate,141479,142101.5,13166.7,121717,132914,138201.6,144651.8,150511,164500.5
Europe,2021-02-14,,estimate,125815,126223.1,11820.5,107702,118014.2,122771.6,128627.6,133895,146469
Europe,2021-02-15,,estimate,102384,102797.2,9333.3,88090.5,96287.2,100095.2,104763.4,108837.5,118643.8
Europe,2021-02-16,,estimate,94568.5,94826.8,8618.6,80918.7,89105,92389.4,96737.4,100438.8,109320.8
Europe,2021-02-17,,estimate,127394,127686.6,11682.9,109251.2,119843.8,124508.6,130219,135269.8,147688
Europe,2021-02-18,,estimate,147496.5,147990.3,13467.3,126713.6,138808,144406.2,150692.8,156568,171383
Europe,2021-02-19,,estimate,148196,148702.8,13215.3,127544.7,139784,145023.4,151412,157231.2,171472.7
Europe,2021-02-20,,estimate based on partial data,143577,143989.7,12887.3,123202.2,135127.8,140310,146691.6,152331.5,166488.2
Europe,2021-02-21,,estimate based on partial data,129172.5,129399.2,11802.9,110378.1,121401.2,126175.8,132282.8,137060.5,149807.6
Europe,2021-02-22,,estimate based on partial data,106887,107082.4,9574.9,91614.2,100695.8,104505.4,109229.8,113354.2,123190.3
Europe,2021-02-23,,estimate based on partial data,99044,99384.6,9107.3,85251.4,93067.8,96906.8,101465.8,105187.5,114719.3
Europe,2021-02-24,,estimate based on partial data,134135,134684.4,12399.2,115328.4,126318.5,131236.6,137274.8,142433,155920.4
Europe,2021-02-25,,estimate based on partial data,156109.5,156645.4,14400.2,133880.6,146728.8,152257.6,159955.8,166089,180553.5
Europe,2021-02-26,,estimate based on partial data,156901,157305.7,14516.6,134972.7,147299.2,153306.4,160587.4,166436.2,181836.9
Europe,2021-02-27,,estimate based on partial data,151315.5,151570,13816.8,129761,142187.8,147764.8,154624.2,160619,174909.8
Europe,2021-02-28,,estimate based on partial data,134202.5,134617.3,12234,115307.1,126231,131261.8,137219,142625,155276.8
Europe,2021-03-01,,estimate based on partial data,110017,110521.1,10823.7,93526,103034.5,107366.6,112828.8,117528.8,128998.9
Europe,2021-03-02,,estimate based on partial data,101103,101640.9,10249.9,85898.6,94357,98376.2,103683,108477.2,119379.5
Europe,2021-03-03,,forecast,135362.5,136255.1,15351.5,112924.6,125654.8,131559.8,138918.4,145840.5,163224.1
Europe,2021-03-04,,forecast,155707.5,156945.6,19793.4,126693.8,142986.8,150749.6,160509.8,169760.2,191141.3
Europe,2021-03-05,,forecast,154639,155547.4,21799.6,121590.7,140424.2,148813.6,159797.8,169870.5,192912.5
Europe,2021-03-06,,forecast,147458.5,148608,23534.4,112468.9,132304,141252,153313.2,163298.5,189844.5
Europe,2021-03-07,,forecast,129857,131089.5,23047.8,95435.7,114764.8,124038.8,135920.4,146139.5,170820.8
Europe,2021-03-08,,forecast,105363.5,106961.1,21426.1,74550.8,92066.2,100394.2,111130.6,120289.5,144582.7
Europe,2021-03-09,,forecast,96440.5,97661,21530,64432,82361,90944.4,102104,111411.5,135029.1
Europe,2021-03-10,,forecast,128913.5,130768.1,32444.7,81658.4,107681.5,121119.2,136986.2,151329.8,185993.4
Europe,2021-03-11,,forecast,147228,150673.2,41403.6,88295.6,122215.5,137100.6,157884,175818.8,223124.4
Europe,2021-03-12,,forecast,146099.5,149433.2,44637.2,83153.9,117269.5,135347.2,157009.2,176536.5,227546.3
Europe,2021-03-13,,forecast,139552.5,143312.9,46592.2,75408.1,110428.8,126842,150937.6,171723.2,227289
Europe,2021-03-14,,forecast,122258.5,127462.8,44755.7,62985.2,95339,112337.2,134433.8,154440.5,206010.2
Europe,2021-03-15,,forecast,99842,104221.1,38920.7,49002,76343,90531.8,109819.6,127418.8,174740.1
Europe,2021-03-16,,forecast,91400,95878.8,38374.4,42402.5,67351,82103.6,100286,118412.2,166226.1
Global,2020-11-10,,estimate,430374.5,431383,35974.7,373892,406766.5,421302.8,439482.2,455288.8,491269.7
Global,2020-11-11,,estimate,517713,518183,40996.4,452458.7,489960.8,507381.8,528037.8,544790.8,586727.4
Global,2020-11-12,,estimate,625593,626677.2,48486.9,549194.8,593728.8,613910.8,637687.4,659162.2,707774.8
Global,2020-11-13,,estimate,667167,668276.2,51953.5,585818.2,633234.8,654375,679198.4,701756,757306.4
Global,2020-11-14,,estimate,660996,663048.9,50594.6,585068,627983.8,647716.6,673057.6,695187.2,748419.1
Global,2020-11-15,,estimate,640968.5,641932.2,48871.9,565581.1,607277,627661.4,653233,673053.5,726209.7
Global,2020-11-16,,estimate,563306.5,564964.1,43069.7,496132.1,535522.8,552912.4,574798.6,593285.8,636985.4
Global,2020-11-17,,estimate,478580.5,479869.2,37038.6,421115.2,454544.2,468864.2,488212,503389,541995
Global,2020-11-18,,estimate,548439,549466.6,41482.2,482995.2,521146.5,538342,559074.8,576649,619881.2
Global,2020-11-19,,estimate,638433.5,639718.3,48723.7,562385.6,606566,626359.2,650520.8,673332,720305.6
Global,2020-11-20,,estimate,667485.5,668373.3,50284.9,587093.7,634259,655253,680076.2,701076,750884.9
Global,2020-11-21,,estimate,650299.5,652471,49012.4,573549.1,619509.5,639189.4,662390.8,684366.2,735710.6
Global,2020-11-22,,estimate,624786,625488.3,48339.2,546414.2,592346.2,612869.8,636700.6,657712.8,706660.3
Global,2020-11-23,,estimate,547885,549411.7,41478.8,481979.9,522193.8,538201.4,558459.2,576060.8,618477.8
Global,2020-11-24,,estimate,463637,465003.3,35558.2,408536.9,440490.5,454619.8,472679.6,488975.5,524767.5
Global,2020-11-25,,estimate,534165.5,534298.6,40473.3,468792.6,506190.5,523131.6,544363.8,561406.2,600999.7
Global,2020-11-26,,estimate,621724,623441.4,47328.6,549302.1,590756,610356,633206.6,654216,703460.2
Global,2020-11-27,,estimate,652221.5,652815.4,49654.2,573722.1,618539.8,639553.4,664084.4,685360.8,736054.9
Global,2020-11-28,,estimate,640582.5,642121.6,48423.7,563809.9,609206.5,629219,653100.8,673922.5,722417.9
Global,2020-11-29,,estimate,618487,620130.7,47097.4,545216.7,589079,606687.4,629675,650207,698337
Global,2020-11-30,,estimate,545539,546604.3,42035.7,480230.4,517449,534222.6,555714,573538.8,617630.2
Global,2020-12-01,,estimate,465672.5,467020.7,35287.8,411012.4,442877.8,456770.6,474724.2,490538.5,526338.3
Global,2020-12-02,,estimate,539684,541172.1,40221.8,477237.8,513779.5,530297,549732,566357.5,610113.8
Global,2020-12-03,,estimate,635557,636825.8,47774.7,560056.9,603579.8,623884.8,647981.2,668569.5,716349.3
Global,2020-12-04,,estimate,669921.5,670355.2,50541.8,588282.1,635533.2,655515,681530.6,703310.5,757244.8
Global,2020-12-05,,estimate,661418,662622.1,49850.9,583441.8,628964.8,648569,672877.8,695565.5,746707.4
Global,2020-12-06,,estimate,642764,643873.9,48340.8,567019.4,610912.5,630886.2,653535.6,675354.5,725399.7
Global,2020-12-07,,estimate,570884,572142.1,43246.7,504801.3,542363.5,560072.6,581292.4,600202.8,645333.8
Global,2020-12-08,,estimate,491158,492129.6,36958.2,432728.3,466236,482215.2,500299.4,516259,553563.4
Global,2020-12-09,,estimate,570216.5,571345.2,43316.6,502493.8,541970,559115.2,580919,598617.8,644049.4
Global,2020-12-10,,estimate,675635.5,676421.4,51628.3,594062.1,640925.8,662627.6,688933.8,711230.8,762848.8
Global,2020-12-11,,estimate,712329,713373.9,53780.3,627004.7,675849.8,699216.2,725821.4,748218.2,802727.4
Global,2020-12-12,,estimate,705566.5,706447.5,52018.5,623685.7,670917.2,693110,718210.2,739715,793265.6
Global,2020-12-13,,estimate,683719,684808.5,52085.2,602028.1,648767,670855,697207.6,718318,772364.6
Global,2020-12-14,,estimate,606129.5,608037.5,46027.2,536134.2,577328.2,595146.6,618160.4,637237,687156.1
Global,2020-12-15,,estimate,516598,517559,39630.2,454243.9,490292.2,506785.6,526642,543398,583905.1
Global,2020-12-16,,estimate,595642.5,596902.3,44505.1,524131.2,566509.2,585166.2,607225,625936,671799.2
Global,2020-12-17,,estimate,695703.5,696912.7,53683.8,611162.2,660076.8,682231.6,710039.4,732688,785788.6
Global,2020-12-18,,estimate,726992.5,727813.7,55331,637522.1,690406.2,713081.6,741631,764393,820986.9
Global,2020-12-19,,estimate,709357,709059,52620.8,624301.8,673507,695537,721891,743392.8,796680.5
Global,2020-12-20,,estimate,675903,676701.1,51376.4,592757.7,641750,663298,689838.4,710197.2,763118.3
Global,2020-12-21,,estimate,588076.5,589268.2,44946.8,516897.2,558996.8,577065,599309.2,618910,662993.7
Global,2020-12-22,,estimate,494672,495580.9,37438.5,436263.1,470340.8,485724.8,504324.8,519419.5,559465.3
Global,2020-12-23,,estimate,560343,561743.2,42068.9,494650.9,533093.2,549574,571375.8,589450.5,631869.6
Global,2020-12-24,,estimate,648635.5,650948.4,49622.4,574368.8,616853,636996.4,660581.4,683173.2,737580
Global,2020-12-25,,estimate,672165.5,674151.6,50282.1,594447.7,640453.8,660396.4,685003,707680.8,758697.1
Global,2020-12-26,,estimate,654456,656011.7,50574.1,575085.8,621502.2,642027.2,667416.4,687984.8,743018.5
Global,2020-12-27,,estimate,627246.5,627936,48747.5,550027.4,594306.8,615146.6,638752.2,657921,712628
Global,2020-12-28,,estimate,549015.5,550818.3,43672.6,481874,520277.8,538212.4,560389.2,579444,625889.8
Global,2020-12-29,,estimate,468204,469566.3,36493.2,412023.6,444383.2,459064.4,476923,493313.2,531397.8
Global,2020-12-30,,estimate,542638,544862.2,42539.6,479138.4,516185.2,532706.2,553811.2,571921.5,617014
Global,2020-12-31,,estimate,642445.5,644508.9,50131.5,564936.7,610396.2,629446.6,655164,676696.5,729338.2
Global,2021-01-01,,estimate,685459.5,686977.2,52227.7,603206.2,651213.5,672400.6,698796.8,721292.5,774906.4
Global,2021-01-02,,estimate,684817,686691,51334.3,607685.2,651117.8,672159.2,697639.8,719242.5,776079.2
Global,2021-01-03,,estimate,675857,676077.7,50369.6,594874.1,641512.8,662443.8,688164.4,707842.2,762036.4
Global,2021-01-04,,estimate,606600.5,608370.2,45683.2,535683.1,576266.5,594900,618968.6,638561.8,684320.2
Global,2021-01-05,,estimate,526594,527800.4,39141,466256.4,500247,516238.8,536305.8,552670,594540.4
Global,2021-01-06,,estimate,619497.5,621543.6,47127.8,546466.9,590377.2,608511.2,631248,653102.8,700207.2
Global,2021-01-07,,estimate,741621,742760.5,56177.1,651706.7,703831.2,726857.2,755661.4,779853.2,836374.1
Global,2021-01-08,,estimate,788881,789921.2,59628.4,693863.2,748784.8,774359.2,803217.8,829458.8,889303.7
Global,2021-01-09,,estimate,784298.5,785489.6,60746.3,688165.7,744284.2,768568,798920.8,824371,886478.8
Global,2021-01-10,,estimate,761290.5,762968.7,57593.3,670558,723479.2,746190.6,775793,801017.8,859829.4
Global,2021-01-11,,estimate,670577,672478.4,50792.3,590637.4,638054.2,658548,683893,705533.2,758435.6
Global,2021-01-12,,estimate,568896.5,570191,43688.9,500422.4,540031.5,557719.2,580145.6,599450.2,642849.3
Global,2021-01-13,,estimate,651873.5,652520,49834.3,571851.2,618083,639853.8,664329.4,685492.2,734664.4
Global,2021-01-14,,estimate,754836,756359.2,58173.3,663217.9,716630.2,740254.2,769941,795329,853684
Global,2021-01-15,,estimate,780328.5,781568.7,58509.6,687161.6,742654,765618.6,796192.2,819504,880483.3
Global,2021-01-16,,estimate,752181.5,753305.2,57934.1,658484.7,714990,737440.2,765955.2,790180,852748.3
Global,2021-01-17,,estimate,711665,713448,54638.6,625613.8,676194.8,699186,724771.2,748502,806738.8
Global,2021-01-18,,estimate,614386.5,615617.9,45975.6,542193.7,583823,603566.6,625472.2,645024,695325.1
Global,2021-01-19,,estimate,512827,513669.7,38311,451604.4,487524.2,503603.4,522196.6,538386.8,577763.8
Global,2021-01-20,,estimate,576564,578087.8,43532.6,508487.2,547819.5,565987,587388.8,606080.5,652932.8
Global,2021-01-21,,estimate,662547.5,664312.6,51141.2,582531.8,629124.5,650064,676188.8,697487.2,749437
Global,2021-01-22,,estimate,680295.5,681594.3,52634.5,598060.9,645145,667286.2,692733,714942.8,770649.3
Global,2021-01-23,,estimate,654108.5,654941.3,49170.6,576633.5,621793.2,641837,666073.6,686556,738901.2
Global,2021-01-24,,estimate,617566.5,619080.3,46160.9,544894.6,588335.8,607297.4,628703,647980.8,698721
Global,2021-01-25,,estimate,533801.5,534998.8,41076.4,469577.8,507284.5,523136.8,544649.6,562237.2,602381
Global,2021-01-26,,estimate,443458,444650.7,34130.6,390998.1,421862.8,435116,451826.8,466349.5,502727.9
Global,2021-01-27,,estimate,500690,501858.3,37508.4,442084.8,475605.5,490793.6,511339.8,526725,564542.2
Global,2021-01-28,,estimate,576220.5,576915.8,43332.2,507819,546524.2,564777.2,587338.6,604907.2,650817.2
Global,2021-01-29,,estimate,589599,591450.1,44016.7,521218.7,561686.8,579750,600561.2,619630.8,666596.9
Global,2021-01-30,,estimate,568659,569425,42306.6,500645.5,540842,557953.8,579887.2,596162.8,639910.3
Global,2021-01-31,,estimate,536974,537922.9,40852.1,473749.9,509796.2,526479.2,547220.4,563831.8,607115.3
Global,2021-02-01,,estimate,463610.5,464010.4,34785.4,407721.2,440228.2,454818.8,472359,487133.8,522274.6
Global,2021-02-02,,estimate,384165.5,385030.5,29085.5,338045.4,365895.2,377275,391349.4,403592,432756.8
Global,2021-02-03,,estimate,432239.5,432566.5,32258.6,380500.2,410839.2,424885.8,439915.4,453491.8,485961.3
Global,2021-02-04,,estimate,493271,494197.7,37107.7,435265.3,468010.8,483895.6,502596.8,519035,557180.5
Global,2021-02-05,,estimate,504608,505816.3,37919.4,444599.2,480487.5,495448.6,513462.2,530003,570576
Global,2021-02-06,,estimate,483925.5,484742.2,36123.7,428862.9,459453.2,474971.6,492980.4,509521.2,545208
Global,2021-02-07,,estimate,453665,454526.1,34659.4,397605.2,430813.8,445583.2,463090.6,477589.2,512343.8
Global,2021-02-08,,estimate,389914,390782.3,29447.4,343675.6,370655.5,382707.2,397721.6,409858.5,439425.6
Global,2021-02-09,,estimate,324282.5,324565.8,24493.9,285412.5,307869.5,318042.8,330073,340719,364986.6
Global,2021-02-10,,estimate,365212.5,365950.3,27434.2,323357.7,346699.5,357870.8,372329.6,383993,412320.6
Global,2021-02-11,,estimate,418703,419476.3,32045.2,368093,397729.5,410878,426977.8,440339.2,472910
Global,2021-02-12,,estimate,430602,430861.9,32443.7,378219.1,408748.2,422413.2,438584.6,452451,485274.5
Global,2021-02-13,,estimate,414699,415996.6,31616,365547.8,394379.2,406891.6,422898.2,437124.5,470141.6
Global,2021-02-14,,estimate,394300,395184.3,30123.5,348438.8,374564.2,386997.8,402229.2,414423.2,446217.2
Global,2021-02-15,,estimate,343333,343899.4,26717.4,301413.6,325397,335692.6,350265.8,361884.5,389903.2
Global,2021-02-16,,estimate,289175,289936.8,21938,255603.1,274884.5,283706.6,294812,304167.5,327178.3
Global,2021-02-17,,estimate,330484.5,332034,25383.7,292274.6,315337.2,324926,337030.6,347839,375615.1
Global,2021-02-18,,estimate,387385,388749.5,28799.9,342907.5,369318.8,380434.2,395426.4,407433.2,437986.5
Global,2021-02-19,,estimate,406305.5,407090.6,30499.1,359418.7,385567,398543.6,413933.2,426628.2,458790.8
Global,2021-02-20,,estimate based on partial data,401337.5,401375,30452.6,352402,380517,393195.8,408530.6,420922.8,452548
Global,2021-02-21,,estimate based on partial data,387456,388113.1,29707.3,340430.7,368051,380111.4,394529.4,406998.8,438358.2
Global,2021-02-22,,estimate based on partial data,342984,343800.4,26376,302390.2,325413.5,336128.8,349911.2,360857.2,388057.5
Global,2021-02-23,,estimate based on partial data,294009.5,294576.6,22783.2,258131.6,278937.2,288198.4,299898.6,309521,332773.9
Global,2021-02-24,,estimate based on partial data,339673.5,340654.3,25916,299613.6,322957.2,333825.6,347003,357651,383156.3
Global,2021-02-25,,estimate based on partial data,400431,401432.8,30616.9,352085.8,380671,392771.4,407908.6,421114.8,452514.8
Global,2021-02-26,,estimate based on partial data,422876.5,423672.3,32889.8,370667.1,400839,414585.6,430818.2,445007.8,478851.7
Global,2021-02-27,,estimate based on partial data,415969.5,416780.1,32503.7,364809.8,394791.8,408202.8,424783.8,437882,470199.7
Global,2021-02-28,,estimate based on partial data,401849,402732.1,31075.8,353440.8,381326.2,394172,409781.2,422821.2,454673.6
Global,2021-03-01,,estimate based on partial data,353098.5,354294.4,27990.8,310473.5,335019.8,346245,359451.2,372302.2,402805.2
Global,2021-03-02,,estimate based on partial data,300890,301527.7,25544.1,261341.1,283579.2,294030,307202.6,318458.2,345055.5
Global,2021-03-03,,forecast,344938.5,345858.7,31737.9,296072.2,324003.8,336881.4,352344.4,365867.8,401233
Global,2021-03-04,,forecast,401638.5,404094.2,43040.1,337281.7,374425.8,390806.4,412471.6,431660.8,479761.6
Global,2021-03-05,,forecast,418784,421416,51138.5,342213.4,385903,406901.2,432614.2,453639,509180.6
Global,2021-03-06,,forecast,409021,411540.5,58137.4,322335.8,370415.2,395013.8,422535.8,448224.5,513634.2
Global,2021-03-07,,forecast,391912.5,395582.7,63839.6,298137.9,351522.2,375606,408315.8,435628.2,507212.3
Global,2021-03-08,,forecast,341649,346067.5,62809.1,251067.4,303386.2,326837.8,356869,383073,455228.2
Global,2021-03-09,,forecast,287955,293665.4,61236.2,202016.6,251829,273622,304185.8,331919.8,403387
Global,2021-03-10,,forecast,329296,336841.7,78871.4,219888.6,280584.8,311075.6,348213.4,382983.5,478778
Global,2021-03-11,,forecast,383636,394063.2,103208.6,247743.9,319594.5,359293.2,407918.8,456468,577400.2
Global,2021-03-12,,forecast,397990,411511.2,119367.1,245965.6,327690.8,370316.4,425841,479080.2,624084.9
Global,2021-03-13,,forecast,386315,403754.8,128094,227533.9,314777.2,357716.2,417126.4,473275.8,635856.7
Global,2021-03-14,,forecast,370746.5,388787.1,134844.1,206345.8,295386.2,339843,402871.8,462581.8,634540.5
Global,2021-03-15,,forecast,324088,342911.8,129335,171800.8,251522.8,295300.8,353730.2,408553,576791.8
Global,2021-03-16,,forecast,272795,292054.3,119932.4,139876.9,209086.8,247780,299078.2,353904.5,507154.4
Oceania,2020-11-10,,estimate,433,466.6,217,184,307.8,382,486,582,882
Oceania,2020-11-11,,estimate,343,373.9,174.7,144.9,249,306,389,469,698
Oceania,2020-11-12,,estimate,369,395.4,184.2,151,261,328,413,494,738
Oceania,2020-11-13,,estimate,359,385.3,180.9,149,253,315,404.4,482,712
Oceania,2020-11-14,,estimate,292,313.9,150.9,119,207,257,327,395,583
Oceania,2020-11-15,,estimate,101,109.9,53.2,41,71,90,114,139,206
Oceania,2020-11-16,,estimate,113,121.8,58,45.9,80,99,127,154,228
Oceania,2020-11-17,,estimate,414,448.6,210.7,166,298,369.6,466,561,845
Oceania,2020-11-18,,estimate,316,337.6,156.8,128,224,279,355,424,631
Oceania,2020-11-19,,estimate,311,334.7,152.1,130,224,277,352,418,617.1
Oceania,2020-11-20,,estimate,299,325.2,154.6,125,212,266,336.4,411,614
Oceania,2020-11-21,,estimate,236,256.3,118.1,102,170,209,266,318,479
Oceania,2020-11-22,,estimate,82,88.3,42.5,33,58,72,91,111,168
Oceania,2020-11-23,,estimate,89,96.1,45.2,36,64,79,100,120,182
Oceania,2020-11-24,,estimate,324.5,349.3,162.7,133.9,232,287,364,438.2,652.1
Oceania,2020-11-25,,estimate,244,264.2,122.9,101.9,175,216,277,333,498
Oceania,2020-11-26,,estimate,244,260.9,119.3,100,175,215,274,324,486
Oceania,2020-11-27,,estimate,232,250.1,115.7,97,167,205,261,311.2,468
Oceania,2020-11-28,,estimate,181,195.2,91.4,75,129.8,161,203,244,368
Oceania,2020-11-29,,estimate,64,69,33.5,26,44,56,73,87,131
Oceania,2020-11-30,,estimate,68,74.2,35.2,27,49,61,77,93,139
Oceania,2020-12-01,,estimate,251,270.2,125.8,106,182,222,280,336.2,500
Oceania,2020-12-02,,estimate,189,205,94.8,80,136,168,213,257,384
Oceania,2020-12-03,,estimate,187,201,93.5,78,135,165.6,210,248,377
Oceania,2020-12-04,,estimate,181,195.5,90.8,74,130,161,204,246.2,365
Oceania,2020-12-05,,estimate,140,151.6,70.2,58,101,125,156,191,281
Oceania,2020-12-06,,estimate,49,53.9,26.3,19,35,44,56,69,102
Oceania,2020-12-07,,estimate,54,59.1,28.9,22,38,48,61,75,111
Oceania,2020-12-08,,estimate,196,212.8,100.6,82,142,173,220.4,264.2,405.1
Oceania,2020-12-09,,estimate,147,160,75,63,106,131,165.4,200.2,301
Oceania,2020-12-10,,estimate,147,159.4,73.9,61,106,130,164,202,298
Oceania,2020-12-11,,estimate,147,156.1,73.7,57,103,127,164,198,294
Oceania,2020-12-12,,estimate,115,124.1,58.9,45,83,101,129,157,234
Oceania,2020-12-13,,estimate,40,43.3,21.4,15,28,35,45,55,82
Oceania,2020-12-14,,estimate,45,47.7,22.9,17,31,38.6,50,61,89
Oceania,2020-12-15,,estimate,166,179.4,84.9,68,119,146,187,225,336
Oceania,2020-12-16,,estimate,124,132.9,62.1,51,87,109,138,166,249
Oceania,2020-12-17,,estimate,128,137.3,63.2,53,91,113,144,172,257
Oceania,2020-12-18,,estimate,127,135.6,62.9,50,91,113,141,171,252
Oceania,2020-12-19,,estimate,99.5,109.1,52,41,72,88,113,137,208
Oceania,2020-12-20,,estimate,36,38.3,18.7,14,25,31,40,49,73
Oceania,2020-12-21,,estimate,39,42.7,20.8,16,28,35,44,54,81
Oceania,2020-12-22,,estimate,148,159.3,75.1,60,105,130,164,200,300
Oceania,2020-12-23,,estimate,115,123.2,58.1,47,81,101,128,154,234
Oceania,2020-12-24,,estimate,117,125.8,58.9,47,83,103,130,157,236
Oceania,2020-12-25,,estimate,116,123.9,57.9,47,81,101,130,156,234
Oceania,2020-12-26,,estimate,92,100.6,47.6,39,66,82,105,127,187
Oceania,2020-12-27,,estimate,33,35.7,17.1,13,23,29,38,45,66
Oceania,2020-12-28,,estimate,37,40.5,19.9,14,26,32,42,51,78
Oceania,2020-12-29,,estimate,140,151.1,71.1,57,100,124,156.4,190,285
Oceania,2020-12-30,,estimate,106,115,55,43,75.8,94,119,146,214
Oceania,2020-12-31,,estimate,109,118,55.4,46,78,98,122,147.2,222
Oceania,2021-01-01,,estimate,109,117,55,45,77.8,95,122,147,218
Oceania,2021-01-02,,estimate,87,94.5,44.6,35,61.8,78,98,120,178
Oceania,2021-01-03,,estimate,31,33.7,16.5,12,22,27,35,43,64
Oceania,2021-01-04,,estimate,34,37.2,18.3,13,24,30,39,47,71
Oceania,2021-01-05,,estimate,129,139.7,65.9,54,91,114,145,175,263
Oceania,2021-01-06,,estimate,101,107.2,48.8,41,72,89,113,134.2,199
Oceania,2021-01-07,,estimate,99,108.5,52.8,39,71,88,112,136,209
Oceania,2021-01-08,,estimate,100,107.8,49.2,41.9,72,89,113,136,200
Oceania,2021-01-09,,estimate,80,86.3,41.5,31,56,71,90,109,161
Oceania,2021-01-10,,estimate,28,30.7,15.1,11,20,25,32,39,58
Oceania,2021-01-11,,estimate,31,33.7,16.9,12,22,27,35,42,64
Oceania,2021-01-12,,estimate,115,123.9,57.6,48,81,102,129,158,232
Oceania,2021-01-13,,estimate,86,92.6,43.8,34,61,76,96,116,175
Oceania,2021-01-14,,estimate,88,94,42.8,36,63,78,99,117,172
Oceania,2021-01-15,,estimate,86,93.6,44,37,62,76,97,117,174
Oceania,2021-01-16,,estimate,68,73.1,34.6,27,48,60,76,93,137
Oceania,2021-01-17,,estimate,24,25.6,12.8,9,16,20,27,33,50
Oceania,2021-01-18,,estimate,26,27.8,14,10,18,22,29,35,53
Oceania,2021-01-19,,estimate,93.5,101.1,47.7,37,68,83,105,127,190
Oceania,2021-01-20,,estimate,70,75.4,35.5,28,51,62,79,94,143
Oceania,2021-01-21,,estimate,71,76.2,36.3,29,50,62,79,96,143
Oceania,2021-01-22,,estimate,68,73.5,35.6,27,48,59,77,93,140
Oceania,2021-01-23,,estimate,53,57.2,27.2,21,38,47,60,72,107
Oceania,2021-01-24,,estimate,18,19.9,10.1,7,13,16,21,25,39
Oceania,2021-01-25,,estimate,20,21.9,10.9,7,14,18,23,28,42
Oceania,2021-01-26,,estimate,74,79.1,37.5,29,52,65,84,99,149
Oceania,2021-01-27,,estimate,55,59.9,28.3,22,39,49,62,75,113
Oceania,2021-01-28,,estimate,55,59.8,27.9,23,40,49,63,75,111
Oceania,2021-01-29,,estimate,53,57.7,27.1,22,38,47,60,72,109
Oceania,2021-01-30,,estimate,42,46,22.3,16,30,37,48,58,87
Oceania,2021-01-31,,estimate,15,16.2,8.5,5,10,13,17,21,32
Oceania,2021-02-01,,estimate,16,17.4,9.1,5,11,14,18,22,34
Oceania,2021-02-02,,estimate,59,64.5,30.4,23.9,42,53,68,81,122
Oceania,2021-02-03,,estimate,46,49.4,24.3,18,32,40,52,63,94
Oceania,2021-02-04,,estimate,45,49.4,23.9,18,32,40,52,63,94
Oceania,2021-02-05,,estimate,45,48.5,23.6,17,31,39,50,62,94
Oceania,2021-02-06,,estimate,35,38.5,19.2,13,25,31,40,49,75
Oceania,2021-02-07,,estimate,13,14,7.6,4,8.8,11,15,18,28
Oceania,2021-02-08,,estimate,14,15.3,8.2,5,9,12,16,20,31
Oceania,2021-02-09,,estimate,54,58.6,28.4,21,38,48,62,74,111
Oceania,2021-02-10,,estimate,41,45,21.9,16,30,37,47,56,86
Oceania,2021-02-11,,estimate,43,46.7,23.4,17,30,38,49,59,90
Oceania,2021-02-12,,estimate,43,47.6,23.1,17,31,38,49,61,90
Oceania,2021-02-13,,estimate,35,38,18.7,13,25,31,40,48,73
Oceania,2021-02-14,,estimate,13,14.3,7.7,4,9,11,15,18,29
Oceania,2021-02-15,,estimate,15,16,8.6,5,10,13,17,21,32
Oceania,2021-02-16,,estimate,56,62.2,31.1,22,41,50,64,79,121
Oceania,2021-02-17,,estimate,45,49.7,24.2,18.9,33,40,51,62,95
Oceania,2021-02-18,,estimate,49,53.1,25.9,19,34.8,43,55,67,101
Oceania,2021-02-19,,estimate,50,55.3,27,20,36,45,57,70,108
Oceania,2021-02-20,,estimate based on partial data,43,46.3,22.4,17,30,38,48,58,88
Oceania,2021-02-21,,estimate based on partial data,16,17.5,9,6,11,14,18,22,34
Oceania,2021-02-22,,estimate based on partial data,19,20.2,10.4,6,13,16,21,26,40
Oceania,2021-02-23,,estimate based on partial data,74,80.7,38.2,30,53,66,84,102,151
Oceania,2021-02-24,,estimate based on partial data,60.5,65.3,31,23,43,54,68,83,122
Oceania,2021-02-25,,estimate based on partial data,66,71,34.5,25,46,58,74,89,135
Oceania,2021-02-26,,estimate based on partial data,69,75.9,37.4,28,49,61,78,96,145
Oceania,2021-02-27,,estimate based on partial data,60,64.7,31.6,23,43,53,67,82,124
Oceania,2021-02-28,,estimate based on partial data,22,24.7,13.5,8,15,19,26,32,49
Oceania,2021-03-01,,estimate based on partial data,27,29.7,15.9,9.9,18,23,31,38,59
Oceania,2021-03-02,,estimate based on partial data,109,120.2,64,41,75,95,123,152,237
Oceania,2021-03-03,,forecast,90,101.3,58.2,34,61,78,103,128,205
Oceania,2021-03-04,,forecast,98,113.3,66.9,36,67.8,85,113,143,241
Oceania,2021-03-05,,forecast,103,121.4,79.6,36.9,70,89,119,152,266
Oceania,2021-03-06,,forecast,91,108.6,71.2,31,60,78,107,135,249
Oceania,2021-03-07,,forecast,35,42.8,34.4,11,22,29,41,53,98
Oceania,2021-03-08,,forecast,42,53.6,47.4,13,26,35,49,65,128
Oceania,2021-03-09,,forecast,163,215.7,186.8,52,103,138,196.4,260,563
Oceania,2021-03-10,,forecast,137,186.3,183.2,42,86,116,164,220,481
Oceania,2021-03-11,,forecast,146,210,241.1,44,89,122,178,249,572
Oceania,2021-03-12,,forecast,162,242.2,341.6,45,97,133,198,283,655
Oceania,2021-03-13,,forecast,137,217.6,365.9,36,78,111,170,245.2,629
Oceania,2021-03-14,,forecast,52,90.5,224,13,30,43,66,96,261
Oceania,2021-03-15,,forecast,61,115.1,235.3,15,34,48.6,77,119,350
Oceania,2021-03-16,,forecast,249,491.6,1167.8,57,136,195.6,316,485,1563.1
